CREATE TABLE `PERSON` (
	`id_number` INT(4) NOT NULL,
	`firstname` VARCHAR(25) NOT NULL,
	`lastname` VARCHAR(25) NOT NULL,
	`gender` VARCHAR(25) NOT NULL,
	`town` VARCHAR(25) NOT NULL,
	`street` VARCHAR(25) NOT NULL,
	`number` INT(4) NOT NULL,
	`age` INT(4) NOT NULL,
	`phone_number` BIGINT,
	PRIMARY KEY (`id_number`)
)ENGINE=InnoDB DEFAULT CHARSET=utf8;

INSERT INTO `PERSON` VALUES
('0001','ΑΝΔΡΕΑΣ','ΠΑΠΑΔΟΠΟΥΛΟΣ','Α','ΑΘΗΝΑ','ΥΜΗΤΤΟ','12','20','6981213456'),
('0012','ΑΝΔΡΙΑΝΗ','ΝΙΚΗΦΟΡΟΥ','Θ','ΑΘΗΝΑ','ΥΨΗΛΑΝΟΥ','15','22','6975231234'),
('0014','ΓΙΩΡΓΟΣ','ΠΑΠΑΣΤΡΑΤΟΥ','Α','ΠΑΤΡΑ','ΓΕΩΡΓΙΟΥ','23','26',NULL),
('0020','ΜΑΡΩ','ΚΡΙΖΕΑ','Θ','ΚΑΛΑΜΑΤΑ','ΚΟΡΩΝΗΣ','23','22','6984366469'),
('0021','ΓΙΩΡΓΟΣ','ΑΡΑΧΤΟΣ','Α','ΘΕΣΣΑΛΟΝΙΚΗ','ΑΘΗΝΑΙΩΝ','47','35','6976542356'),
('0023','ΑΧΙΛΛΕΑΣ','ΠΑΙΚΤΗΣ','Α','ΠΑΡΙΣΙ','ΠΑΣΙΣΙΩΝ','33','35','6975453567'),
('0030','ΚΑΤΕΡΙΝΑ','ΠΑΠΑΔΟΠΟΥΛΟΥ','Θ','ΑΘΗΝΑ','ΔΙΑΚΟΥ','210','21','6985765412'),
('0034','ΓΙΩΤΑ','ΣΑΡΑΝΤΗ','Θ','ΠΑΤΡΑ','ΠΑΤΡΩΝ','33','45',NULL),
('0040','ΠΕΤΡΑΝ','ΤΙΛΕΕΙ','Α','ΚΟΡΩΝΗ','ΚΑΛΑΜΑΤΑΣ','23','20','6987654536'),
('0044','ΛΑΙΟΣ','ΠΑΠΑΝΔΡΟΠΟΥΛΟΣ','Α','ΧΑΝΙΑ','ΚΙΛΚΙΣ','47','33','6978542123'),
('0055','ΠΕΡΙΚΛΗΣ','ΠΑΥΛΟΥ','Α','ΡΟΔΟΣ','ΚΟΡΩΠΙΟΥ','55','50','6976453422'),
('0067','ΑΛΕΞΑΝΔΡΟΣ','ΠΑΠΟΥΛΙΑΣ','Α','ΗΡΑΚΛΕΙΟ','ΠΕΛΟΠΠΟΝΗΣΟΥ','44','50','6987545655'),
('0070','ΠΑΝΑΓΙΩΤΑ','ΓΑΡΟΦΑΛΑΚΗ','Θ','ΣΠΑΡΤΗ','ΡΟΔΟΥ','34','45',NULL),
('0075','ΑΛΕΞΑΝΔΡΑ','ΜΙΑΡΙΤΗ','Θ','ΑΙΓΙΟ','ΚΟΡΙΝΘΟΥ','43','40','6976894512'),
('0087','ΧΡΗΣΤΟΣ','ΠΑΛΑΙΟΛΟΓΟΣ','Α','ΠΥΛΟΣ','ΑΘΗΝΩΝ','45','54','6987422134'),
('0098','ΜΙΧΑΛΗΣ','ΤΣΕΛΙΓΚΑΣ','Α','ΒΟΛΟΣ','ΠΕΡΙΚΛΕΟΥΣ','123','30','6976442312'),
('0102','ΠΕΤΡΟΣ','ΜΑΚΡΗΣ','Α','ΑΘΗΝΑ','ΚΥΠΡΟΥ','210','45','6987321234'),
('0105','ΑΧΙΛΛΕΑΣ','ΚΟΝΤΟΠΙΔΗΣ','Α','ΘΕΣΣΑΛΟΝΙΚΗ','ΚΑΡΑΙΣΚΑΚΗ','122','65','6987331234'),
('0110','ΙΩΑΝΝΗΣ','ΣΓΑΡΜΠΑΣ','Α','ΠΑΤΡΑ','ΚΑΡΟΛΟΥ','34','50','6987322212'),
('0112','ΑΛΕΞΑΝΔΡΟΣ','ΑΡΑΧΤΟΥΛΗΣ','Α','ΛΕΙΒΑΔΙΑ','ΘΕΣΣΑΛΟΝΙΚΗΣ','230','44','6976322112'),
('0113','ΝΙΚΟΛΕΤΤΑ','ΠΑΥΛΟΥ','Θ','ΑΘΗΝΑ','ΚΑΣΤΟΡΙΑΣ','34','32','6987452311'),
('0115','ΚΩΣΤΑΣ','ΚΩΣΤΙΜΠΑΣ','Α','ΚΑΣΤΟΡΙΑ','ΗΛΕΙΑΣ','234','50','6956341223'),
('0117','ΝΕΚΡΟΣ','ΖΩΝΤΑΝΟΣ','Α','ΚΟΜΩΤΗΝΗ','ΝΕΚΡΟΤΑΦΕΙΟΥ','666','66','6976666666'),
('0120','ΚΩΣΤΙΚΑΣ','ΜΑΡΙΚΑΣ','Α','ΠΟΝΤΟΣ','ΠΟΝΤΙΟΥ','45','45','6945454567'),
('0123','ΓΙΩΡΓΟΣ','ΑΛΕΞΟΠΟΥΛΟΣ','Α','ΑΛΕΞΑΝΔΡΟΥΠΟΛΗ','ΠΕΤΡΟΥΠΟΛΕΩΣ','45','45',NULL),
('0150','ΣΤΕΦΑΝΟΣ','ΧΙΟΣ','Α','ΑΘΗΝΑ','ΜΑΚΕΛΕΙΟΥ','45','60','6987543453'),
('0153','ΒΑΓΓΕΛΗΣ','ΜΑΡΙΝΑΚΗΣ','Α','ΠΕΙΡΑΙΑΣ','ΚΑΡΑΙΣΚΑΚΗ','66','55','6985343231'),
('0159','ΤΑΚΗΣ','ΤΣΟΥΚΑΛΑΣ','Α','ΠΕΙΡΑΙΑΣ','ΣΕΦΙΟΥ','77','60','6986423245'),
('0200','ΚΑΡΛΟΣ','ΖΕΚΑΣ','Α','ΑΘΗΝΑ','ΛΕΩΦΟΡΟΥ','13','31','6982421231'),
('0201','ΓΕΩΡΓΙΑ','ΠΑΠΑΔΟΠΟΥΛΟΥ','Θ','ΛΑΜΙΑ','ΛΑΜΙΑΣ','22','43','6984234211'),
('0210','ΙΗΣΟΥΣ','ΧΡΙΣΤΟΣ','Α','ΝΑΖΑΡΕΤ','ΒΗΘΛΕΕΜΙΑΣ','33','33','6985232312'),
('0340','ΠΑΝΑΓΙΩΤΗΣ','ΘΕΟΔΩΡΟΥ','Α','ΑΘΗΝΑ','ΑΚΡΙΤΑΣ','22','25','6987652311'),
('0455','ΠΑΝΑΓΙΩΤΑ','ΚΑΡΑΓΙΑΝΝΗ','Θ','ΑΘΗΝΑ','ΚΥΠΡΟΥ','33','22',NULL),
('0533','ΕΛΙΣΑΒΕΤ','ΑΡΒΑΝΙΤΗ','Θ','ΚΑΒΑΛΑ','ΘΗΣΕΙΑΣ','123','45','6987531232'),
('0600','ΑΣΠΑ','ΠΑΠΑΝΔΡΟΠΟΥΛΟΥ','Θ','ΠΑΤΡΑ','ΠΑΤΡΩΝ','34','24','6987643412'),
('1111','ΠΑΥΛΟΣ','ΠΙΠΙΛΗΣ','Α','ΑΡΤΑ','ΙΩΑΝΝΙΝΩΝ','22','22','6987465321'),
('1120','ΓΙΑΝΝΗΣ','ΑΘΑΝΑΣΟΠΟΥΛΟΣ','Α','ΙΩΑΝΝΙΝΑ','ΓΙΑΝΝΙΤΣΩΝ','345','29','6987652313'),
('1299','ΕΥΓΕΝΙΟΣ','ΜΑΡΚΑΚΗΣ','Α','ΠΑΤΡΑ','ΚΑΝΑΚΑΡΗ','22','55','6987321235'),
('1399','ΕΥΓΕΝΙΑ','ΜΑΡΚΑΡΟΓΛΟΥ','Θ','ΝΑΞΟΣ','ΧΙΟΥ','34','52','6984221231'),
('1600','ΙΑΚΩΒΟΣ','ΙΑΚΩΒΟΥ','Α','ΠΑΡΟΣ','ΝΟΡΜΑΝ','110','40','6987231123'),
('2000','ΙΩΑΝΝΑ','ΣΤΑΘΟΠΟΥΛΟΥ','Θ','ΑΘΗΝΑ','ΓΟΥΝΑΡΗ','55','32',NULL),
('2450','ΕΜΜΑΝΟΥΕΛΑ','ΚΑΜΠΟΥΡΑΚΗ','Θ','ΑΘΗΝΑ','ΕΡΜΟΥ','66','67','6987331243'),
('3455','ΔΕΣΠΟΙΝΑ','ΜΟΣΧΟΥ','Θ','ΑΘΗΝΑ','ΝΙΚΟΛΑΟΥ','123','32','6984341123'),
('4599','ΓΙΩΡΓΟΣ','ΠΑΠΑΛΟΣ','Α','ΝΑΥΠΛΙΟ','ΑΡΑΤΟΥ','23','51','69872212'),
('5604','ΣΤΕΦΑΝΟΣ','ΠΑΠΑΒΑΣΙΛΕΙΟΥ','Α','ΑΘΗΝΑ','ΚΩΛΟΚΟΤΡΩΝΗ','321','44','6983232311'),
('6332','ΣΤΕΦΑΝΙΑ','ΠΑΠΑΔΑΚΗ','Θ','ΜΥΚΟΝΟΣ','ΑΘΗΝΑΙΩΝ','123','45','6987341233'),
('7788','ΚΥΡΙΑΚΟΣ','ΜΗΤΣΩΤΑΚΗΣ','Α','ΑΘΗΝΑ','ΚΑΒΑΛΙΑΣ','44','22','6982112312'),
('8772','ΣΩΤΗΡΙΑ','ΛΙΑΡΟΥ','Θ','ΤΡΙΠΟΛΗ','ΑΣΤΡΟΥΣ','233','67','6982112388'),
('9772','ΕΛΕΝΑ','ΚΥΡΙΑΚΟΥ','Θ','ΞΑΝΘΗ','ΚΑΤΕΡΙΝΗΣ','34','56','6984221100'),
('9999','ΔΗΜΗΤΡΗΣ','ΚΑΜΜΕΝΟΣ','Α','ΔΡΑΜΑ','ΕΥΡΟΥ','11','42','6982113311'),
('8000','ΕΥΑΓΓΕΛΟΣ','ΤΣΕΛΙΓΚΑΣ','Α','ΑΘΗΝΑ','ΑΘΑΝΑΣΙΟΥ ΔΙΑΚΟΥ','210','35','6985342212'),
('8001','ΘΕΟΔΩΡΟΣ','ΠΑΣΧΑΛΙΔΗΣ','Α','ΚΩΖΑΝΗ','ΠΕΤΡΟΥΠΟΛΕΩΣ','23','33','6984332112'),
('8002','ΠΑΝΑΓΙΩΤΑ','ΚΑΛΙΤΣΗ','Θ','ΞΑΝΘΗ','ΑΡΙΣΤΑΡΧΟΥ','45','45','6984221232'),
('8004','ΧΡΥΣΑΝΘΗ','ΧΡΥΣΑΝΕΜΟΥ','Θ','ΚΑΛΑΜΑΤΑ','ΚΑΛΙΡΡΟΗΣ','111','23','6985443412'),
('8010','ΚΑΤΕΡΙΝΑ','ΠΑΥΛΙΤΟΥ','Θ','ΑΘΗΝΑ','ΠΑΙΚΤΡΟΥ','12','45','6985431209'),
('8011','ΓΙΩΡΓΟΣ','ΑΡΑΧΤΑΡΑΣ','Α','ΑΡΑΧΤΟΥΠΟΛΗ','ΜΠΑΧΑΛΟΥΠΟΛΕΩΣ','22','22','6943233212'),
('8013','ΜΑΡΙΑ','ΧΑΛΑΡΗ','Θ','ΜΙΝΑΡΟΥΠΟΛΗ','ΑΡΑΧΤΟΥΠΟΛΕΩΣ','74','60','6985342311'),
('8020','ΚΑΣΜΙΡ','ΚΑΣΜΙΡΑΤΟΣ','Α','ΑΙΓΙΟ','ΑΙΓΥΠΤΟΥ','12','43','6984341120'),
('8022','ΑΘΑΝΑΣΙΑ','ΑΝΑΣΤΑΣΙΟΥ','Θ','ΗΛΙΟΥΠΟΛΗ','ΑΡΓΥΡΟΥΠΟΛΕΩΣ','50','51',NULL),
('8023','ΚΑΛΛΙΟΠΗ','ΠΑΠΑΘΑΝΑΣΙΟΥ','Θ','ΑΘΗΝΑ','ΗΛΙΟΥΠΟΛΕΩΣ','22','31','6983231233'),
('8100','ΙΩΑΝΝΗΣ','ΙΑΚΩΒΟΥ','Α','ΘΕΣΣΑΛΟΝΙΚΗ','ΚΑΛΙΜΑΡΜΑΡΟΥ','34','20','6985341222'),
('8111','ΚΑΤΕΡΙΝΑ','ΙΑΚΩΒΙΔΟΥ','Θ','ΚΑΣΤΟΡΙΑ','ΘΕΣΠΡΩΤΙΑΣ','12','69','6985343312'),
('8113','ΜΑΡΚΟΣ','ΛΟΤΖΕΣΚΙ','Α','ΑΘΗΝΑ','ΠΕΙΡΑΙΩΣ','7','77','6985642377'),
('8119','ΣΟΥΛΑ','ΚΑΡΑΓΕΩΡΓΙΟΥ','Θ','ΕΥΡΟΣ','ΕΥΡΟΥ','12','22','6985341109'),
('8200','ΔΗΜΗΤΡΗΣ','ΚΑΡΑΜΑΝΛΗΣ','Α','ΑΘΗΝΑ','ΦΙΔΙΩΝ','23','65','6985983409'),
('8210','ΑΛΕΞΙΟΣ','ΤΣΙΠΡΑΙΛΗΣ','Α','ΑΘΗΝΑ','ΦΙΔΕΜΠΟΡΩΝ','34','37','6985349923'),
('8211','ΠΑΝΟΣ','ΧΙΩΤΟΠΟΥΛΟΣ','Α','ΛΕΙΒΑΔΙΑ','ΧΑΣΕΜΙΩΝ','22','22','6984239809'),
('8212','ΠΙΘΗΚΟΣ','ΠΙΠΘΗΚΟΓΛΟΥ','Α','ΤΑΡΖΑΝΙΑ','ΤΑΡΖΑΝΙΑΣ','12','23','6985340912'),
('8213','ΚΩΣΤΑΣ','ΚΩΣΤΟΛΟΓΛΟΥ','Α','ΣΥΡΟΣ','ΜΥΚΟΝΟΥ','12','25','6985341200'),
('8220','ΑΛΕΞΑΝΔΡΟΣ','ΑΛΕΞΙΟΥ','Α','ΑΘΗΝΑ','ΚΟΜΩΤΗΝΗΣ','43','58','6985340012'),
('8221','ΧΡΗΣΤΟΣ','ΧΡΗΣΤΙΔΗΣ','Α','ΚΑΤΕΡΙΝΗ','ΣΕΦΙΔΙΟΥ','122','34','6985340921'),
('8222','ΧΡΙΣΤΙΝΑ','ΧΡΙΣΤΙΔΙΟΥ','Θ','ΒΟΛΟΣ','ΚΥΠΡΟΥ','124','22','6985340913'),
('8229','ΕΥΑΓΓΕΛΙΑ','ΕΥΑΓΓΕΛΟΥ','Θ','ΑΘΗΝΑ','ΚΡΗΤΗΣ','23','54','6985982391'),
('8231','ΣΙΣΣΗ','ΧΡΙΣΤΙΔΟΥ','Θ','ΚΑΛΑΜΑΤΑ','ΜΕΣΣΗΙΝΙΑΣ','56','22','6985341208'),
('8233','ΓΙΩΡΙΚΑΣ','ΚΩΣΤΙΚΟΣ','Α','ΠΑΡΟΣ','ΑΘΗΝΩΝ','23','54','6987231198'),
('8300','ΜΗΤΣΑΡΑΣ','ΠΑΙΚΤΑΡΑΣ','Α','ΠΑΤΡΑ','ΠΑΤΡΑΙΩΝ','43','23','6984231234'),
('8301','ΓΙΩΡΓΑΡΑΣ','ΠΑΙΚΤΑΔΟΡ','Α','ΘΕΣΣΑΛΟΝΙΚΗ','ΑΛΕΞΙΟΥΠΟΛΕΩΣ','132','70','6985341244'),
('8309','ΜΑΡΩ','ΛΥΤΡΑ','Θ','ΓΙΑΝΝΙΝΑ','ΓΙΑΝΝΙΤΣΩΝ','123','45','6982120988'),
('8400','ΓΙΑΝΝΗΣ','ΚΩΣΤΙΜΠΑΣ','Α','ΑΘΗΝΑ','ΑΛΙΜΟΥ','23','67','6984231104'),
('8500','ΑΝΝΑ','ΛΟΥΛΟΥ','Θ','ΑΘΗΝΑ','ΑΛΕΞΑΝΔΡΑΣ','34','49','6984123390');


CREATE TABLE `BUILDING` (
	`building_number` INT(4) NOT NULL,
	`total_floors` INT(4) NOT NULL,
	`building_name` VARCHAR(25) NOT NULL,
	PRIMARY KEY (`building_number`)
)ENGINE=InnoDB DEFAULT CHARSET=utf8;

INSERT INTO `BUILDING` VALUES
('1','4','ΒΑΣΙΚΟ ΚΤΙΡΙΟ'),
('2','4','ΔΕΥΤΕΡEYΟΝ ΚΤΙΡΙΟ');
CREATE TABLE `PRESENTER` (
	`pre_code` INT(4) NOT NULL,
	`pre_id` INT(4) NOT NULL,
	`pre_university` VARCHAR(25) NOT NULL,
	PRIMARY KEY (`pre_code`),
	FOREIGN KEY (`pre_id`) REFERENCES `PERSON`(`id_number`)
)ENGINE=InnoDB DEFAULT CHARSET=utf8;

INSERT INTO `PRESENTER` VALUES
('01','0014','ΠΑΝΕΠΙΣΤΗΜΙΟ ΠΑΤΡΩΝ'),
('02','0020','ΠΑΝΕΠΙΣΤΗΜΙΟ ΑΓΑΙΟΥ'),
('03','0021','ΜΕΤΣΟΒΙΟ ΠΟΛΥΤΕΧΝΕΙΟ'),
('04','0023','ΠΑΠΕΙ'),
('05','0030','ΟΙΚΟΝΟΜΙΚΟ ΠΑΝΕΠΙΣΤΗΜΙΟ ΑΘΗΝΩΝ'),
('06','0034','ΚΑΠΟΔΙΣΤΡΙΑΚΟ ΠΑΝΕΠΙΣΤΗΜΙΟ ΑΘΗΝΩΝ'),
('07','0040','ΠΑΝΤΕΙΟ ΠΑΝΕΠΙΣΤΗΜΙΟ'),
('08','0044','ΠΑΝΕΠΙΣΤΗΜΙΟ ΚΡΗΤΗΣ'),
('09','0055','ΠΑΝΕΠΙΣΤΗΜΙΟ ΜΑΚΕΔΟΝΙΑΣ'),
('10','0067','ΔΙΕΘΝΕΣ ΠΑΝΕΠΙΣΤΗΜΙΟ ΕΛΛΑΔΑΣ'),
('11','0115','ΠΑΝΕΠΙΣΤΗΜΙΟ ΠΑΤΡΩΝ'),
('12','0117','ΔΙΕΘΝΕΣ ΠΑΝΕΠΙΣΤΗΜΙΟ ΕΛΛΑΔΑΣ'),
('13','0120','ΠΑΝΕΠΙΣΤΗΜΙΟ ΚΡΗΤΗΣ'),
('14','0123','ΠΑΠΕΙ'),
('15','0150','ΠΑΝΕΠΙΣΤΗΜΙΟ ΚΡΗΤΗΣ'),
('16','0153','ΟΙΚΟΝΟΜΙΚΟ ΠΑΝΕΠΙΣΤΗΜΙΟ ΑΘΗΝΩΝ'),
('17','0159','ΠΑΝΤΕΙΟ ΠΑΝΕΠΙΣΤΗΜΙΟ'),
('18','0200','ΜΕΤΣΟΒΙΟ ΠΟΛΥΤΕΧΝΕΙΟ'),
('19','0201','ΜΕΤΣΟΒΙΟ ΠΟΛΥΤΕΧΝΕΙΟ'),
('20','0210','ΚΑΠΟΔΙΣΤΡΙΑΚΟ ΠΑΝΕΠΙΣΤΗΜΙΟ ΑΘΗΝΩΝ'),
('21','2000','ΚΑΠΟΔΙΣΤΡΙΑΚΟ ΠΑΝΕΠΙΣΤΗΜΙΟ ΑΘΗΝΩΝ'),
('22','2450','ΜΕΤΣΟΒΙΟ ΠΟΛΥΤΕΧΝΕΙΟ'),
('23','3455','ΠΑΠΕΙ'),
('24','4599','ΠΑΝΕΠΙΣΤΗΜΙΟ ΠΑΤΡΩΝ'),
('25','5604','ΠΑΝΕΠΙΣΤΗΜΙΟ ΠΑΤΡΩΝ'),
('26','6332','ΟΙΚΟΝΟΜΙΚΟ ΠΑΝΕΠΙΣΤΗΜΙΟ ΑΘΗΝΩΝ'),
('27','7788','ΚΑΠΟΔΙΣΤΡΙΑΚΟ ΠΑΝΕΠΙΣΤΗΜΙΟ ΑΘΗΝΩΝ'),
('28','8772','ΟΙΚΟΝΟΜΙΚΟ ΠΑΝΕΠΙΣΤΗΜΙΟ ΑΘΗΝΩΝ'),
('29','9772','ΜΕΤΣΟΒΙΟ ΠΟΛΥΤΕΧΝΕΙΟ'),
('30','9999','ΚΑΠΟΔΙΣΤΡΙΑΚΟ ΠΑΝΕΠΙΣΤΗΜΙΟ ΑΘΗΝΩΝ');

CREATE TABLE `PARTICIPANT` (
	`part_code` INT(4) NOT NULL,
	`part_id` INT(4) NOT NULL,
	`part_university` VARCHAR(25) NOT NULL,
	PRIMARY KEY (`part_code`),
	FOREIGN KEY (`part_id`) REFERENCES `PERSON`(`id_number`)
)ENGINE=InnoDB DEFAULT CHARSET=utf8;

INSERT INTO `PARTICIPANT` VALUES
('51','0001','ΚΑΠΟΔΙΣΤΡΙΑΚΟ ΠΑΝΕΠΙΣΤΗΜΙΟ ΑΘΗΝΩΝ'),
('52','0012','ΟΙΚΟΝΟΜΙΚΟ ΠΑΝΕΠΙΣΤΗΜΙΟ ΑΘΗΝΩΝ'),
('53','0070','ΠΑΠΕΙ'),
('54','0075','ΜΕΤΣΟΒΙΟ ΠΟΛΥΤΕΧΝΕΙΟ'),
('55','0087','ΟΙΚΟΝΟΜΙΚΟ ΠΑΝΕΠΙΣΤΗΜΙΟ ΑΘΗΝΩΝ'),
('56','0098','ΠΑΝΕΠΙΣΤΗΜΙΟ ΠΑΤΡΩΝ'),
('57','0102','ΜΕΤΣΟΒΙΟ ΠΟΛΥΤΕΧΝΕΙΟ'),
('58','0105','ΠΑΝΕΠΙΣΤΗΜΙΟ ΠΑΤΡΩΝ'),
('59','0110','ΠΑΝΕΠΙΣΤΗΜΙΟ ΠΑΤΡΩΝ'),
('60','0112','ΚΑΠΟΔΙΣΤΡΙΑΚΟ ΠΑΝΕΠΙΣΤΗΜΙΟ ΑΘΗΝΩΝ'),
('61','8000','ΠΑΝΕΠΙΣΤΗΜΙΟ ΠΑΤΡΩΝ'),
('62','8001','ΠΑΠΕΙ'),
('63','8002','ΠΑΝΕΠΙΣΤΗΜΙΟ ΠΑΤΡΩΝ'),
('64','8004','ΟΙΚΟΝΟΜΙΚΟ ΠΑΝΕΠΙΣΤΗΜΙΟ ΑΘΗΝΩΝ'),
('65','8010','ΠΑΠΕΙ'),
('66','8011','ΜΕΤΣΟΒΙΟ ΠΟΛΥΤΕΧΝΕΙΟ'),
('67','8013','ΜΕΤΣΟΒΙΟ ΠΟΛΥΤΕΧΝΕΙΟ'),
('68','8020','ΠΑΝΕΠΙΣΤΗΜΙΟ ΠΑΤΡΩΝ'),
('69','8022','ΟΙΚΟΝΟΜΙΚΟ ΠΑΝΕΠΙΣΤΗΜΙΟ ΑΘΗΝΩΝ'),
('70','8023','ΠΑΠΕΙ'),
('71','8100','ΟΙΚΟΝΟΜΙΚΟ ΠΑΝΕΠΙΣΤΗΜΙΟ ΑΘΗΝΩΝ'),
('72','8111','ΚΑΠΟΔΙΣΤΡΙΑΚΟ ΠΑΝΕΠΙΣΤΗΜΙΟ ΑΘΗΝΩΝ'),
('73','8113','ΠΑΝΕΠΙΣΤΗΜΙΟ ΠΑΤΡΩΝ'),
('74','8119','ΚΑΠΟΔΙΣΤΡΙΑΚΟ ΠΑΝΕΠΙΣΤΗΜΙΟ ΑΘΗΝΩΝ'),
('75','8200','ΜΕΤΣΟΒΙΟ ΠΟΛΥΤΕΧΝΕΙΟ'),
('76','8210','ΠΑΝΕΠΙΣΤΗΜΙΟ ΠΑΤΡΩΝ'),
('77','8211','ΟΙΚΟΝΟΜΙΚΟ ΠΑΝΕΠΙΣΤΗΜΙΟ ΑΘΗΝΩΝ'),
('78','8212','ΟΙΚΟΝΟΜΙΚΟ ΠΑΝΕΠΙΣΤΗΜΙΟ ΑΘΗΝΩΝ'),
('79','8213','ΟΙΚΟΝΟΜΙΚΟ ΠΑΝΕΠΙΣΤΗΜΙΟ ΑΘΗΝΩΝ'),
('80','8220','ΠΑΠΕΙ'),
('81','8221','ΠΑΝΕΠΙΣΤΗΜΙΟ ΠΑΤΡΩΝ'),
('82','8222','ΟΙΚΟΝΟΜΙΚΟ ΠΑΝΕΠΙΣΤΗΜΙΟ ΑΘΗΝΩΝ'),
('83','8229','ΠΑΠΕΙ'),
('84','8231','ΚΑΠΟΔΙΣΤΡΙΑΚΟ ΠΑΝΕΠΙΣΤΗΜΙΟ ΑΘΗΝΩΝ'),
('85','8233','ΟΙΚΟΝΟΜΙΚΟ ΠΑΝΕΠΙΣΤΗΜΙΟ ΑΘΗΝΩΝ'),
('86','8300','ΚΑΠΟΔΙΣΤΡΙΑΚΟ ΠΑΝΕΠΙΣΤΗΜΙΟ ΑΘΗΝΩΝ'),
('87','8301','ΜΕΤΣΟΒΙΟ ΠΟΛΥΤΕΧΝΕΙΟ'),
('88','8309','ΜΕΤΣΟΒΙΟ ΠΟΛΥΤΕΧΝΕΙΟ'),
('89','8400','ΜΕΤΣΟΒΙΟ ΠΟΛΥΤΕΧΝΕΙΟ'),
('90','8500','ΟΙΚΟΝΟΜΙΚΟ ΠΑΝΕΠΙΣΤΗΜΙΟ ΑΘΗΝΩΝ');

CREATE TABLE `STUFF` (
	`stuff_code` VARCHAR(25) NOT NULL,
	`stuff_id` INT(4) NOT NULL,
	`desk_number` INT(4) NOT NULL,
	PRIMARY KEY (`stuff_code`),
	FOREIGN KEY (`stuff_id`) REFERENCES `PERSON`(`id_number`)
)ENGINE=InnoDB DEFAULT CHARSET=utf8;

INSERT INTO `STUFF` VALUES
('ece90','0113','1'),
('ece91','0340','2'),
('ece92','0455','3'),
('ece93','0533','4'),
('ece94','0600','5'),
('ece95','1111','10'),
('ece96','1120','8'),
('ece97','1299','9'),
('ece98','1399','6'),
('ece99','1600','7');

CREATE TABLE `LECTURER` (
	`lec_pre_code` INT(4) NOT NULL,
	PRIMARY KEY (`lec_pre_code`),
	FOREIGN KEY (`lec_pre_code`) REFERENCES `PRESENTER`(`pre_code`)
)ENGINE=InnoDB DEFAULT CHARSET=utf8;

INSERT INTO `LECTURER` VALUES
('01'),
('02'),
('03'),
('04'),
('05'),
('06'),
('07'),
('08'),
('09'),
('10'),
('21'),
('22'),
('23'),
('24'),
('25');

CREATE TABLE `EXHIBITOR` (
	`ex_pre_code` INT(4) NOT NULL ,
	PRIMARY KEY (`ex_pre_code`),
	FOREIGN KEY (`ex_pre_code`) REFERENCES `PRESENTER`(`pre_code`)
)ENGINE=InnoDB DEFAULT CHARSET=utf8;

INSERT INTO `EXHIBITOR` VALUES
('11'),
('12'),
('13'),
('14'),
('15'),
('16'),
('17'),
('18'),
('19'),
('20'),
('26'),
('27'),
('28'),
('29'),
('30');

CREATE TABLE `LECTURE` (
	`lect_id` INT(4) NOT NULL ,
	`theme` VARCHAR(25) NOT NULL,
	`lect_title` VARCHAR(25) NOT NULL,
	PRIMARY KEY (`lect_id`)
)ENGINE=InnoDB DEFAULT CHARSET=utf8;

INSERT INTO `LECTURE` VALUES
('101','ΜΑΘΗΜΑΤΙΚΑ','ΕΙΣΑΓΩΓΗ ΣΤΑ ΕΦΑΡΜΟΣΜΕΝΑ ΜΑΘΗΜΑΤΙΚΑ'),
('102','ΦΥΣΙΚΗ','ΜΕΤΑΦΥΣΙΚΑ ΦΑΙΝΟΜΕΝΑ'),
('103','ΗΛΕΚΤΡΟΝΙΚΗ','ΚΑΤΑΣΚΕΥΗ ΤΡΑΝΖΙΣΤΟΡ'),
('104','ΠΛΗΡΟΦΟΡΙΚΗ','ΣΗΜΑΣΙΑ ΤΗΣ ΤΕΧΝΗΤΗΣ ΝΟΗΜΟΣΥΝΗΣ'),
('105','ΜΑΘΗΜΑΤΙΚΑ','Η ΧΡΗΣΙΜΟΤΗΤΑ ΤΩΝ ΜΑΘΗΜΑΤΚΩΝ ΣΤΗΝ ΚΑΘΗΜΕΡΙΝΗ ΖΩΗ'),
('106','ΕΠΙΚΟΙΝΩΝΙΕΣ','ΔΙΚΤΥΟ ΕΠΙΚΟΙΝΩΝΙΑΣ & ΚΙΝΗΤΑ'),
('107','ΔΙΑΣΤΗΜΑ','ΥΠΑΡΞΗ ΖΩΗΣ ΣΤΟ ΔΙΑΣΤΗΜΑ?'),
('108','ΑΣΤΡΟΦΥΣΙΚΗ','Η ΣΗΜΑΣΙΑ ΤΩΝ ΑΣΤΡΩΝ'),
('109','ΦΥΣΙΚΗ','ΚΑΤΑΣΚΕΥΗ ΚΥΚΛΩΜΑΤΩΝ ΙΣΧΥΟΣ'),
('110','ΡΟΜΠΟΤΙΚΗ','ΚΑΤΑΣΚΕΥΗ ΡΟΜΠΟΤΙΚΟΥ ΒΡΑΧΙΟΝΑ'),
('121','ΠΡΟΓΡΑΜΜΑΤΙΣΜΟΣ','ΕΙΣΑΓΩΓΗ ΣΤΟΝ ΑΝΤΙΚΕΙΜΕΝΟΣΤΡΑΦΗ ΠΡΟΓΡΑΜΜΑΤΙΣΜΟ'),
('122','ΠΛΗΡΟΦΟΡΙΚΗ','Η ΣΗΜΑΣΙΑ ΤΩΝ ΜΑΘΗΜΑΤΙΚΩΝ ΣΤΗΝ ΠΛΗΡΟΦΟΡΙΚΗ'),
('123','ΘΡΗΣΚΕΙΑ','ΕΙΣΑΓΩΓΗ ΣΤΟΝ ΣΑΤΑΝΙΣΜΟ'),
('124','ΑΘΛΗΤΙΣΜΟΣ','SUPER LEAHUE Ή ΣΟΥΠΕΡ ΛΙΓΔΑ?'),
('125','ΜΗΧΑΝΙΚΗ','Η ΣΗΜΑΣΙΑ ΤΗΣ ΜΗΧΑΝΙΚΗΣ ΣΤΙΣ ΜΕΡΕΣ ΜΑΣ');

CREATE TABLE `EXHIBIT` (
	`exhibit_id` INT(4) NOT NULL,
	`exhibit_title` VARCHAR(25) NOT NULL,
	`kind` VARCHAR(25) NOT NULL,
	`found_year` INT(4),
	PRIMARY KEY (`exhibit_id`)
)ENGINE=InnoDB DEFAULT CHARSET=utf8;

INSERT INTO `EXHIBIT` VALUES
('111','3D PRINTER','ΠΛΗΡΟΦΟΡΙΚΗ','2014'),
('112','GAMING GLASSES','ΠΛΗΡΟΦΟΡΙΚΗ','2015'),
('113','3D CHESS','ΠΛΗΡΟΦΟΡΙΚΗ','2016'),
('114','ΔΗΜΙΟΥΡΓΙΑ ΠΛΑΚΕΤΑΣ','ΗΛΕΚΤΡΟΝΙΚΗ',NULL),
('115','ΕΠΙΔΕΙΞΗ ΚΙΝΗΤΗΡΑ','ΜΗΧΑΝΙΚΗ',NULL),
('116','ΤΗΛΕΣΚΟΠΙΟ','ΑΣΤΡΟΦΥΣΙΚΗ','1890'),
('117','ΑΝΘΡΩΠΟΣ-ΡΟΜΠΟΤ','ΡΟΜΠΟΤΙΚΗ','2010'),
('118','ΑΥΤΟΜΑΤΗ ΚΟΥΖΙΝΑ','ΡΟΜΠΟΤΙΚΗ','2012'),
('119','ΔΙΚΤΥΟ LAN','ΕΠΙΚΟΙΝΩΝΙΕΣ',NULL),
('120','ΕΠΕΞΕΡΓΑΣΙΑ ΕΙΚΟΝΑΣ','ΠΡΟΓΡΑΜΜΑΤΙΣΜΟΣ',NULL),
('126','ΔΗΜΙΟΥΡΓΙΑ ΒΑΣΗΣ ΔΕΔΟΜΕΝΩΝ','ΠΛΗΡΟΦΟΡΙΚΗ',NULL),
('127','RAM-ROM','ΠΛΗΡΟΦΟΡΙΚΗ',NULL),
('128','OFFICE','ΠΛΗΡΟΦΟΡΙΚΗ',NULL),
('129','DRONE','ΡΟΜΠΟΤΙΚΗ','2015'),
('130','ΨΗΦΙΑΚΑ ΚΥΚΛΩΜΑΤΑ','ΠΛΗΡΟΦΟΡΙΚΗ',NULL);

CREATE TABLE `give_lecture` (
	`lec_pre_code` INT(4) NOT NULL,
	`lect_id` INT(4) NOT NULL ,
	PRIMARY KEY (`lec_pre_code`,`lect_id`),
	FOREIGN KEY (`lec_pre_code`) REFERENCES `LECTURER`(`lec_pre_code`),
	FOREIGN KEY (`lect_id`) REFERENCES `LECTURE`(`lect_id`)
)ENGINE=InnoDB DEFAULT CHARSET=utf8;

INSERT INTO `give_lecture` VALUES
('01','101'),
('02','102'),
('03','103'),
('04','104'),
('05','105'),
('06','106'),
('07','107'),
('08','108'),
('09','109'),
('10','110'),
('21','121'),
('22','122'),
('23','123'),
('24','124'),
('25','125');
CREATE TABLE `expose_exhibit` (
	`ex_pre_code` INT(4) NOT NULL,
	`exhibit_id` INT(4) NOT NULL,
	PRIMARY KEY (`ex_pre_code`,`exhibit_id`),
	FOREIGN KEY (`ex_pre_code`) REFERENCES `EXHIBITOR`(`ex_pre_code`),
	FOREIGN KEY (`exhibit_id`) REFERENCES `EXHIBIT`(`exhibit_id`)
)ENGINE=InnoDB DEFAULT CHARSET=utf8;

INSERT INTO `expose_exhibit` VALUES
('11','111'),
('12','112'),
('13','113'),
('14','114'),
('15','115'),
('16','116'),
('17','117'),
('18','118'),
('19','119'),
('20','120'),
('26','126'),
('27','127'),
('28','128'),
('29','129'),
('30','130');


CREATE TABLE `GROUNDFLOOR` (
	`building_number` INT(4) NOT NULL,
	`hallway_total` INT(4) NOT NULL,
	PRIMARY KEY (`building_number`),
	FOREIGN KEY (`building_number`) REFERENCES `BUILDING`(`building_number`)
)ENGINE=InnoDB DEFAULT CHARSET=utf8;

INSERT INTO `GROUNDFLOOR` VALUES
('1','5'),
('2','6');

CREATE TABLE `is_shown` (
	`exhibit_id` INT(4) NOT NULL,
	`building_number` INT(4) NOT NULL,
	`date` DATE NOT NULL,
	`time` TIME NOT NULL,
	`hallway_number` INT(4) NOT NULL ,
	PRIMARY KEY (`exhibit_id`,`building_number`,`hallway_number`),
	FOREIGN KEY (`exhibit_id`) REFERENCES `EXHIBIT`(`exhibit_id`),
	FOREIGN KEY (`building_number`) REFERENCES `GROUNDFLOOR`(`building_number`)
)ENGINE=InnoDB DEFAULT CHARSET=utf8;

INSERT INTO `is_shown` VALUES
('111','1','2016-6-2','10:00:00','1'),
('112','2','2016-6-2','11:00:00','2'),
('113','1','2016-6-3','12:00:00','1'),
('114','2','2016-6-2','11:00:00','3'),
('115','2','2016-6-3','13:00:00','1'),
('116','1','2016-6-2','10:00:00','2'),
('117','1','2016-6-2','10:00:00','3'),
('118','2','2016-6-2','11:00:00','5'),
('119','1','2016-6-3','12:00:00','2'),
('120','2','2016-6-3','13:00:00','3'),
('126','1','2016-6-3','13:00:00','4'),
('127','2','2016-6-2','11:00:00','6'),
('128','2','2016-6-3','15:00:00','1'),
('129','1','2016-6-3','15:00:00','4'),
('130','1','2016-6-3','15:00:00','5');


CREATE TABLE `RESTFLOOR` (
	`building_number` INT(4) NOT NULL,
	`restfloor_number` INT(4) NOT NULL,
	`total_halls` INT(4) NOT NULL,
	PRIMARY KEY (`building_number`,`restfloor_number`),
	FOREIGN KEY (`building_number`) REFERENCES `BUILDING`(`building_number`)
)ENGINE=InnoDB DEFAULT CHARSET=utf8;

INSERT INTO `RESTFLOOR` VALUES
('1','1','2'),
('1','2','1'),
('1','3','2'),
('1','4','1'),
('2','1','1'),
('2','2','1'),
('2','3','2'),
('2','4','2');

CREATE TABLE `HALL` (
	`hall_number` INT(4) NOT NULL,
	`building_number` INT(4) NOT NULL,
	`restfloor_number` INT(4) NOT NULL,
	`capacity` INT(4) NOT NULL,
	PRIMARY KEY (`hall_number`),
	FOREIGN KEY (`building_number`,`restfloor_number`) REFERENCES `RESTFLOOR`(`building_number`,`restfloor_number`)
)ENGINE=InnoDB DEFAULT CHARSET=utf8;

INSERT INTO `HALL` VALUES
('1','1','1','40'),
('2','1','1','40'),
('3','1','2','40'),
('4','1','3','40'),
('5','1','3','40'),
('6','1','4','40'),
('7','2','1','50'),
('8','2','2','50'),
('9','2','3','50'),
('10','2','3','40'),
('11','2','4','60'),
('12','2','4','70');


CREATE TABLE `take_place` (
	`lect_id` INT(4) NOT NULL,
	`hall_number` INT(4) NOT NULL,
	`date` INT(4) NOT NULL,
	`time` TIME NOT NULL,
	`lec_pre_code` INT(4) NOT NULL,
	PRIMARY KEY (`lect_id`,`hall_number`,`lec_pre_code`),
	FOREIGN KEY (`lect_id`) REFERENCES `LECTURE`(`lect_id`),
	FOREIGN KEY (`hall_number`) REFERENCES `HALL`(`hall_number`),
	FOREIGN KEY (`lec_pre_code`) REFERENCES `LECTURER`(`lec_pre_code`)
)ENGINE=InnoDB DEFAULT CHARSET=utf8;

INSERT INTO `take_place` VALUES
('101','1','2016-6-2','10:00:00','01'),
('102','1','2016-6-3','10:00:00','02'),
('103','2','2016-6-2','11:00:00','03'),
('104','3','2016-6-2','14:00:00','04'),
('105','3','2016-6-3','15:00:00','05'),
('106','4','2016-6-2','16:00:00','06'),
('107','5','2016-6-2','17:00:00','07'),
('108','6','2016-6-2','11:00:00','08'),
('109','6','2016-6-3','09:00:00','09'),
('110','7','2016-6-2','08:00:00','10'),
('121','12','2016-6-2','14:00:00','21'),
('122','8','2016-6-3','18:00:00','22'),
('123','9','2016-6-3','08:00:00','23'),
('124','10','2016-6-2','10:00:00','24'),
('125','11','2016-6-2','11:00:00','25');

CREATE TABLE `positioned` (
	`part_code` INT(4) NOT NULL,
	`hall_number` INT(4) NOT NULL,
	`seat_number` INT(4) NOT NULL,
	PRIMARY KEY (`part_code`,`hall_number`),
	FOREIGN KEY (`part_code`) REFERENCES `PARTICIPANT`(`part_code`),
	FOREIGN KEY (`hall_number`) REFERENCES `HALL`(`hall_number`)
)ENGINE=InnoDB DEFAULT CHARSET=utf8;

INSERT INTO `positioned` VALUES
('51','1','1'),
('52','1','2'),
('53','1','3'),
('54','1','4'),
('55','1','5'),
('56','1','6'),
('57','1','7'),
('58','1','8'),
('59','1','9'),
('60','1','10'),
('61','1','11'),
('62','1','12'),
('63','1','13'),
('64','1','14'),
('65','1','15'),
('66','1','16'),
('67','1','17'),
('68','1','18'),
('69','1','19'),
('70','1','20'),
('71','1','21'),
('72','1','22'),
('73','1','23'),
('74','1','24'),
('75','1','25'),
('76','1','26'),
('77','1','27'),
('78','1','28'),
('79','1','29'),
('80','1','30'),
('81','1','31'),
('82','1','32'),
('83','1','33'),
('84','1','34'),
('85','1','35'),
('86','1','36'),
('87','1','37'),
('88','1','38'),
('89','1','39'),
('90','1','40'),
('51','2','2'),
('52','2','3'),
('53','2','4'),
('54','2','5'),
('55','2','6'),
('56','2','7'),
('57','2','8'),
('58','2','9'),
('59','2','10'),
('60','2','11'),
('61','2','12'),
('62','2','13'),
('63','2','14'),
('64','2','15'),
('65','2','16'),
('66','2','17'),
('67','2','18'),
('68','2','19'),
('69','2','20'),
('70','2','21'),
('71','2','22'),
('72','2','23'),
('73','2','24'),
('74','2','25'),
('75','2','26'),
('76','2','27'),
('77','2','28'),
('78','2','29'),
('79','2','30'),
('80','2','31'),
('81','2','32'),
('82','2','33'),
('83','2','34'),
('84','2','35'),
('85','2','36'),
('86','2','37'),
('87','2','38'),
('88','2','39'),
('89','2','40'),
('90','2','1'),
('51','3','4'),
('52','3','5'),
('53','3','6'),
('54','3','7'),
('55','3','8'),
('56','3','9'),
('57','3','10'),
('58','3','11'),
('59','3','12'),
('60','3','13'),
('61','3','14'),
('62','3','15'),
('63','3','16'),
('64','3','17'),
('65','3','18'),
('66','3','19'),
('67','3','20'),
('68','3','21'),
('69','3','22'),
('70','3','23'),
('71','3','24'),
('72','3','25'),
('73','3','26'),
('74','3','27'),
('75','3','28'),
('76','3','29'),
('77','3','30'),
('78','3','31'),
('79','3','32'),
('80','3','33'),
('81','3','34'),
('82','3','35'),
('83','3','36'),
('84','3','37'),
('85','3','38'),
('86','3','39'),
('87','3','40'),
('88','3','1'),
('89','3','2'),
('90','3','3'),
('51','4','10'),
('52','4','11'),
('53','4','12'),
('54','4','13'),
('55','4','14'),
('56','4','15'),
('57','4','16'),
('58','4','17'),
('59','4','18'),
('60','4','19'),
('61','4','20'),
('62','4','21'),
('63','4','22'),
('64','4','23'),
('65','4','24'),
('66','4','25'),
('67','4','26'),
('68','4','27'),
('69','4','28'),
('70','4','29'),
('71','4','30'),
('72','4','31'),
('73','4','32'),
('74','4','33'),
('75','4','34'),
('76','4','35'),
('77','4','36'),
('78','4','37'),
('79','4','38'),
('80','4','39'),
('81','4','40'),
('82','4','1'),
('83','4','2'),
('84','4','3'),
('85','4','4'),
('86','4','5'),
('87','4','6'),
('88','4','7'),
('89','4','8'),
('90','4','9'),
('51','5','12'),
('52','5','13'),
('53','5','14'),
('54','5','15'),
('55','5','16'),
('56','5','17'),
('57','5','18'),
('58','5','19'),
('59','5','20'),
('60','5','21'),
('61','5','22'),
('62','5','23'),
('63','5','24'),
('64','5','25'),
('65','5','26'),
('66','5','27'),
('67','5','28'),
('68','5','29'),
('69','5','30'),
('70','5','31'),
('71','5','32'),
('72','5','33'),
('73','5','34'),
('74','5','35'),
('75','5','36'),
('76','5','37'),
('77','5','38'),
('78','5','39'),
('79','5','40'),
('80','5','1'),
('81','5','2'),
('82','5','3'),
('83','5','4'),
('84','5','5'),
('85','5','6'),
('86','5','7'),
('87','5','8'),
('88','5','9'),
('89','5','10'),
('90','5','11'),
('51','6','20'),
('52','6','21'),
('53','6','22'),
('54','6','23'),
('55','6','24'),
('56','6','25'),
('57','6','26'),
('58','6','27'),
('59','6','28'),
('60','6','29'),
('61','6','30'),
('62','6','31'),
('63','6','32'),
('64','6','33'),
('65','6','34'),
('66','6','35'),
('67','6','36'),
('68','6','37'),
('69','6','38'),
('70','6','39'),
('71','6','40'),
('72','6','1'),
('73','6','2'),
('74','6','3'),
('75','6','4'),
('76','6','5'),
('77','6','6'),
('78','6','7'),
('79','6','8'),
('80','6','9'),
('81','6','10'),
('82','6','11'),
('83','6','12'),
('84','6','13'),
('85','6','14'),
('86','6','15'),
('87','6','16'),
('88','6','17'),
('89','6','18'),
('90','6','19'),
('51','7','40'),
('52','7','41'),
('53','7','42'),
('54','7','43'),
('55','7','44'),
('56','7','45'),
('57','7','46'),
('58','7','47'),
('59','7','48'),
('60','7','49'),
('61','7','50'),
('62','7','1'),
('63','7','2'),
('64','7','3'),
('65','7','4'),
('66','7','5'),
('67','7','6'),
('68','7','7'),
('69','7','8'),
('70','7','9'),
('71','7','10'),
('72','7','11'),
('73','7','12'),
('74','7','13'),
('75','7','14'),
('76','7','15'),
('77','7','16'),
('78','7','17'),
('79','7','18'),
('80','7','19'),
('81','7','20'),
('82','7','21'),
('83','7','22'),
('84','7','23'),
('85','7','24'),
('86','7','25'),
('87','7','26'),
('88','7','27'),
('89','7','28'),
('90','7','29'),
('51','8','45'),
('52','8','46'),
('53','8','47'),
('54','8','48'),
('55','8','49'),
('56','8','50'),
('57','8','1'),
('58','8','2'),
('59','8','3'),
('60','8','4'),
('61','8','5'),
('62','8','6'),
('63','8','7'),
('64','8','8'),
('65','8','9'),
('66','8','10'),
('67','8','11'),
('68','8','12'),
('69','8','13'),
('70','8','14'),
('71','8','15'),
('72','8','16'),
('73','8','17'),
('74','8','18'),
('75','8','19'),
('76','8','20'),
('77','8','21'),
('78','8','22'),
('79','8','23'),
('80','8','24'),
('81','8','25'),
('82','8','26'),
('83','8','27'),
('84','8','28'),
('85','8','29'),
('86','8','30'),
('87','8','31'),
('88','8','32'),
('89','8','33'),
('90','8','34'),
('51','9','33'),
('52','9','34'),
('53','9','35'),
('54','9','36'),
('55','9','37'),
('56','9','38'),
('57','9','39'),
('58','9','40'),
('59','9','41'),
('60','9','42'),
('61','9','43'),
('62','9','44'),
('63','9','45'),
('64','9','46'),
('65','9','47'),
('66','9','48'),
('67','9','49'),
('68','9','50'),
('69','9','1'),
('70','9','2'),
('71','9','3'),
('72','9','4'),
('73','9','5'),
('74','9','6'),
('75','9','7'),
('76','9','8'),
('77','9','9'),
('78','9','10'),
('79','9','11'),
('80','9','12'),
('81','9','13'),
('82','9','14'),
('83','9','15'),
('84','9','16'),
('85','9','17'),
('86','9','18'),
('87','9','19'),
('88','9','20'),
('89','9','21'),
('90','9','22'),
('51','10','30'),
('52','10','31'),
('53','10','32'),
('54','10','33'),
('55','10','34'),
('56','10','35'),
('57','10','36'),
('58','10','37'),
('59','10','38'),
('60','10','39'),
('61','10','40'),
('62','10','1'),
('63','10','2'),
('64','10','3'),
('65','10','4'),
('66','10','5'),
('67','10','6'),
('68','10','7'),
('69','10','8'),
('70','10','9'),
('71','10','10'),
('72','10','11'),
('73','10','12'),
('74','10','13'),
('75','10','14'),
('76','10','15'),
('77','10','16'),
('78','10','17'),
('79','10','18'),
('80','10','19'),
('81','10','20'),
('82','10','21'),
('83','10','22'),
('84','10','23'),
('85','10','24'),
('86','10','25'),
('87','10','26'),
('88','10','27'),
('89','10','28'),
('90','10','29'),
('51','11','50'),
('52','11','51'),
('53','11','52'),
('54','11','53'),
('55','11','54'),
('56','11','55'),
('57','11','56'),
('58','11','57'),
('59','11','58'),
('60','11','59'),
('61','11','60'),
('62','11','1'),
('63','11','2'),
('64','11','3'),
('65','11','4'),
('66','11','5'),
('67','11','6'),
('68','11','7'),
('69','11','8'),
('70','11','9'),
('71','11','10'),
('72','11','20'),
('73','11','21'),
('74','11','22'),
('75','11','23'),
('76','11','24'),
('77','11','25'),
('78','11','26'),
('79','11','27'),
('80','11','28'),
('81','11','29'),
('82','11','30'),
('83','11','31'),
('84','11','32'),
('85','11','33'),
('86','11','34'),
('87','11','35'),
('88','11','36'),
('89','11','37'),
('90','11','38'),
('51','12','60'),
('52','12','61'),
('53','12','62'),
('54','12','63'),
('55','12','64'),
('56','12','65'),
('57','12','66'),
('58','12','67'),
('59','12','68'),
('60','12','69'),
('61','12','70'),
('62','12','21'),
('63','12','22'),
('64','12','23'),
('65','12','24'),
('66','12','25'),
('67','12','26'),
('68','12','27'),
('69','12','28'),
('70','12','29'),
('71','12','30'),
('72','12','31'),
('73','12','32'),
('74','12','33'),
('75','12','34'),
('76','12','35'),
('77','12','36'),
('78','12','37'),
('79','12','38'),
('80','12','39'),
('81','12','40'),
('82','12','41'),
('83','12','43'),
('84','12','42'),
('85','12','44'),
('86','12','45'),
('87','12','46'),
('88','12','47'),
('89','12','48'),
('90','12','49');

